aa Sequence,Nanobody,Date of purification,MW,Yeild,Molar_conc
MAQMQLVESGGGLVQAGGSLTLSCAASGRTFSDYDMGWFRQAPGKAREFVARISRSGRMTSLADSVKGRFTISRDNGKRTVYLQMNSLKPEDTAVYYCAADPQWSRVRSGADYWGQGTRVTVSA, NanoE6,20210927,13.501,5.78,428.12
MAEVQLQASGGGFVQAGGSLRLSCAASGDGYTDSIMGWFRQAPGKEREFVAAISGEDSEKQYYADSVKGRFTISRDNAKNTVYLQMNSLKPEDTATYYCASEIIYSIQQYWGQGTQVTVSSLEHHHHHH*,9n10,20210824,14.2,4.357,306.83
MAEVQLQASGGGFVQAGGSLRLSCAASGFTSRTTAMGWFRQAPGKEREFVAAISYYSDTDLYYADSVKGRFTISRDNAKNTVYLQMNSLKPEDTATYYCADITSYYVDVYWGQGTQVTVSSLEHHHHHH*,9n7,20210824,14.3,1.039,72.66
LAAQPAMAQVQLVESGGGLVQAGGSLRLSCAASGRTFSRYAMAWFRRAPGKEREFVAAISASAGTIFYTDSVKGRFTISRDHAKNTVSLQMNSLRPEDTAVYYCAAKTGTWATLDRRYDYWGQGTRVTVSAGASGAEFAAAVD,NanoF7,20211007,14.7,5.209,354.353741496599
MAEVQLQAKGGKRVQAGGSLRLKCAASGTIFRVSFMGWFRQAPGKEREFVAAISYGGITNYADSVKGRFKIKRDNAKNTVYLRMRKLKPEDTATYYCAAYILVSVDGAYYYRYWGQGTRVTVSSLEHHHHHH*,Nb_AQ100 (grafted),20210811,14.584,2.789,191.24
MAEVQLQAKGGKRVQAGGSLRLKCAASGSIFAAAYMGWFRQAPGKEREFVAAISDGSNTYYADSVKGRFKIKRDNAKNTVYLRMRKLKPEDTATYYCAVIRWNYTYFRYWGQGTRVTVSSLEHHHHHH*,Nb_AQ103 (grafted),20210811,14.253,1.977,138.71
MAEVQLQASGGGFVQAGGSLRLSCAASGYISDAYYMGWFRQAPGKEREFVAAISHGTNTYYADSVKGRFTISRDNAKNTVYLQMNSLKPEDTATYYCAVLETRSYSFRYWGQGTQVTVSSLEHHHHHH*,Nb_b201 (grafted),20210811,14.281,5.61,392.83
TMAQMQLVESGGGLVQAGGSLTLKCAASGRTFSDYDMGWFRQAPGKAREFVARISRSGRMTSLADSVKGRFKIKRDNGKRTVYLRMRKLKPEDTAVYYCAADPQWSRVRSGADYWGQGTRVTVSALEHHHHHH*,rsNanoE6_v2,20210927,13.721,0.417,30.39
MAQVQLVESGGGLVQAGGSLRLKCAASGRTFSRYAMAWFRRAPGKEREFVAAISASAGTIFYTDSVKGRFKIKRDHAKNTVSLRMRKLRPEDTAVYYCAAKTGTWATLDRRYDYWGQGTRVTVSALEHHHHHH*,rsNanoF7_v2,20210927,13.864,0.611,44.07
MAEVQLQAKGGKRVQAGGSLRLKCAASGDTYANTEMGWFRQAPGKEREFVAAISWGSSHPFYYADSVKGRFKIKRDNAKNTVYLRMRKLKPEDTATYYCARWDPIWDKMHKMMGTYWGQGTRVTVSSLEHHHHHH*,sc15n5,20210624,15.5,0.809,52.19
,sc15n5,20210818,15.5,0.796,51.35
MAEVQLQASGGGFVQAGGSLRLKCAASGDTYANTEMGWFRQAPGKEREFVAAISWGSSHPFYYADSVKGRFKIKRDNAKNTVYLRMRKLKPEDTATYYCARWDPIWDKMHKMMGTYWGQGTQVTVSSLEHHHHHH*,sc15n5_v2,20210709,15.4,0.57,37.01
,sc15n5_v2,20210818,15.4,0.825,53.57
,sc15n5_v2,20210914,15.4,0.504,32.73
MAEVQLQAKGGKRVQAGGSLRLKCAASGDGYTDSIMGWFRQAPGKEREFVAAISGEDSEKQYYADSVKGRFKIKRDNAKNTVYLRMRKLKPEDTATYYCASEIIYSIQQYWGQGTRVTVSSLEHHHHHH*,sc9n10,20210528,14.6,0.898,61.51
,sc9n10,20210615,14.6,0.75,51.37
MAEVQLQASGGGFVQAGGSLRLKCAASGDGYTDSIMGWFRQAPGKEREFVAAISGEDSEKQYYADSVKGRFKIKRDNAKNTVYLRMRKLKPEDTATYYCASEIIYSIQQYWGQGTQVTVSSLEHHHHHH*,sc9n10_v4,20210709,14.5,0.819,56.48
,sc9n10_v4,20210914,14.5,1,68.97
,sc9n10_v4,20210918,14.5,0.907,62.55
,sc9n10_v4,20210924,14.5,1.205,83.10
,sc9n10_v4,20210930,14.5,0.95,65.52
MAEVQLQAKGGKRVQAGGSLRLKCAASGFTSRTTAMGWFRQAPGKEREFVAAISYYSDTDLYYADSVKGRFKIKRDNAKNTVYLRMRKLKPEDTATYYCADITSYYVDVYWGQGTRVTVSSLEHHHHHH*,sc9n7,20210528,14.7,0.355,24.15
,sc9n7,20210615,14.7,0.297,20.20
,sc9n7,20210624,14.7,0.381,25.92
,sc9n7,20210629,14.7,0.332,22.59
,sc9n7,20210707,14.7,0.506,34.42
,sc9n7,20210723,14.7,0.48,32.65
,sc9n7,20210803,14.7,0.313,21.29
MAEVQLQASGGGFVQAGGSLRLKCAASGFTSRTTAMGWFRQAPGKEREFVAAISYYSDTDLYYADSVKGRFKIKRDNAKNTVYLRMRKLKPEDTATYYCADITSYYVDVYWGQGTQVTVSSLEHHHHHH*,sc9n7_v2,20210629,14.555,0.445,30.57
,sc9n7_v2,20210707,14.555,0.395,27.14
,sc9n7_v2,20210723,14.555,0.446,30.64
,sc9n7_v2,20210803,14.555,0.353,24.25
,sc9n7_v2,20210914,14.555,0.378,25.97
,sc9n7_v2,20210918,14.555,0.346,23.77
,sc9n7_v2,20210924,14.555,0.56,38.47
,sc9n7_v2,20210930,14.555,0.56,38.47
,sc9n7_v2,20211007,14.555,0.537,36.89
,sc9n7_v2,20211007,14.555,0.413,28.38
,sc9n7_v2,20211007,14.555,0.208,14.29
,sc9n7_v2,20211007,14.555,0.427,29.34
,sc9n7_v2 ,20211007,14.555,0.421,28.92
MAEVQLQAKGGKRVQAGGSLRLKCAASGFTSRTTAMGWFRQAPGKEREFVAAISYYSDTDLYYADSVKGRFTIKRDNAKNTVYLQMNSLKPEDTATYYCADITSYYVDVYWGQGTRVTVSSLEHHHHHH*,sc9n7_v3,20210723,14.6,0.819,56.10
,sc9n7_v3,20210803,14.6,0.728,49.86
MAQVQLVEKGGKRVQAGGSLRLKCAASTYTDTVGWFRQAPGKEREGVAAIYRRTGYTYSADSVKGRFKLKRDNNKNTVYLRMRKLKPEDTGIYYCATGNSVRLASWEGYFYWGQGTRVTVSSLEHHHHHH*,scAMD9,20210709,14.8,0.327,22.09
MAEVQLQAKGGKRVQAGGSLRLKCAASGYTDTVGMGWFRQAPGKEREFVAAISAIYRRTGYYYADSVKGRFKIKRDNAKNTVYLRMRKLKPEDTATYYCAGNSVRLASWEGYFYYWGQGTRVTVSSLEHHHHHH*,scAMD9 (grafted),20210717,15.3,0.199,13.01
MAEVQLQAKGGKRVQAGGSLRLKCAASGATSSRYIMGWFRQAPGKEREFVAAISGGFGLFGYYADSVKGRFKIKRDNAKNTVYLRMRKLKPEDTATYYCAARYPWPFSIYWGQGTRVTVSSLEHHHHHH*,scGFP_10_231_v1,20210831,14.558,0.246,16.90
MAEVQLQASGGGFVQAGGSLRLKCAASGATSSRYIMGWFRQAPGKEREFVAAISGGFGLFGYYADSVKGRFKIKRDNAKNTVYLRMRKLKPEDTATYYCAARYPWPFSIYWGQGTQVTVSSLEHHHHHH*,scGFP_10_231_v2,20210831,14.409,0.266,18.46
MAEVQLQAKGGKRVQAGGSLRLKCAASGATSSRYIMGWFRQAPGKEREFVAAISGGFGLFGYYADSVKGRFTIKRDNAKNTVYLQMNSLKPEDTATYYCAARYPWPFSIYWGQGTRVTVSSLEHHHHHH*,scGFP_10_231_v3,20210831,14.42,0.255,17.68
MAEVQLQAKGGKRVQAGGSLRLKCAASGFPVNRYSMGWFRQAPGKEREFVAAISMSSAGDRSSYYADSVKGRFKIKRDNAKNTVYLRMRKLKPEDTATYYCANVNVGFEYWGQGTRVTVSSLEHHHHHH*,scGFPnb (grafted),20210528,14.5,1.665,114.83
,scGFPnb (grafted),20210615,14.5,1.999,137.80
,scGFPnb (grafted),20210629,14.528,0.654,45.02
,scGFPnb (grafted),20210811,14.528,1.963,135.12
MAEVQLQASGGGFVQAGGSLRLKCAASGFPVNRYSMGWFRQAPGKEREFVAAISMSSAGDRSSYYADSVKGRFKIKRDNAKNTVYLRMRKLKPEDTATYYCANVNVGFEYWGQGTQVTVSSLEHHHHHH*,scGFPnb (grafted)v2,20210629,14.379,0.577,40.13
,scGFPnb (grafted)v2,20210707,14.379,1.828,127.13
,scGFPnb (grafted)v2,20210914,14.379,2.798,194.59
,scGFPnb (grafted)v2,20210918,14.379,2.402,167.05
,scGFPnb (grafted)v2,20210924,14.379,2.942,204.60
,scGFPnb (grafted)v2,20210930,14.379,2.273,158.08
MAEVQLQAKGGKRVQAGGSLRLKCAASGFPVNRYSMGWFRQAPGKEREFVAAISMSSAGDRSSYYADSVKGRFTIKRDNAKNTVYLQMNSLKPEDTATYYCANVNVGFEYWGQGTRVTVSSLEHHHHHH*,scGFPnb (grafted)v3,20210811,14.39,2.452,170.40
MAEVQLQAKGGKRVQAGGSLRLKCAASGTIFRVSFMGWFRQAPGKEREFVAAISYGGITNYADSVKGRFKIKRDNAKNTVYLRMRKLKPEDTATYYCAAYILVSVDGAYYYRYWGQGTRVTVSSLEHHHHHH*,scNb_AQ100 (grafted),20210818,14.954,0.998,66.74
MAEVQLQAKGGKRVQAGGSLRLKCAASGSIFAAAYMGWFRQAPGKEREFVAAISDGSNTYYADSVKGRFKIKRDNAKNTVYLRMRKLKPEDTATYYCAVIRWNYTYFRYWGQGTRVTVSSLEHHHHHH*,scNb_AQ103 (grafted),20210818,14.623,1.686,115.30
MAEVQLQAKGGKRVQAGGSLRLKCAASGYISDAYYMGWFRQAPGKEREFVAAISHGTNTYYADSVKGRFKIKRDNAKNTVYLRMRKLKPEDTATYYCAVLETRSYSFRYWGQGTRVTVSSLEHHHHHH*,scNb_b201 (grafted),20210818,14.651,2.443,166.75
MAEVQLQAKGGKRVQAGGSLRLKCAASGGTSDATTMGWFRQAPGKEREFVAAISSYNTMLFYYADSVKGRFKIKRDNAKNTVYLRMRKLKPEDTATYYCATSSTVNHWDYWGQGTRVTVSSLEHHHHHH*,scNg2,20210624,14.5,3.127,215.66
MAEVQLQASGGGFVQAGGSLRLKCAASGGTSDATTMGWFRQAPGKEREFVAAISSYNTMLFYYADSVKGRFKIKRDNAKNTVYLRMRKLKPEDTATYYCATSSTVNHWDYWGQGTQVTVSSLEHHHHHH*,scNg2_v2,20210709,14.4,1.491,103.54
MAEVQLQAKGGKRVQAGGSLRLKCAASGDSYSWSTMGWFRQAPGKEREFVAAISAWATWPGYYADSVKGRFKIKRDNAKNTVYLRMRKLKPEDTATYYCAFMNQDNDVTYWGQGTRVTVSSLEHHHHHH*,scNg3,20210624,14.7,3.072,208.98
MAEVQLQASGGGFVQAGGSLRLKCAASGDSYSWSTMGWFRQAPGKEREFVAAISAWATWPGYYADSVKGRFKIKRDNAKNTVYLRMRKLKPEDTATYYCAFMNQDNDVTYWGQGTQVTVSSLEHHHHHH*,scNg3_v2,20210709,14.5,2.8,193.10
MEVQLQASGGGFVQAGGSLRLSCAASGGTYTNSDMGWFRQAPGKEREFVAAISGQQNYGEYYADSVKGRFTISRDNAKNTVYLQMNSLKPEDTATYYCAQKWADRIVNYWGQGTQVTVSSLEHHHHHH*,scNg8,20210624,14.7,1.661,112.99
MAEVQLQASGGGFVQAGGSLRLKCAASGGTYTNSDMGWFRQAPGKEREFVAAISGQQNYGEYYADSVKGRFKIKRDNAKNTVYLRMRKLKPEDTATYYCAQKWADRIVNYWGQGTQVTVSSLEHHHHHH*,scNg8_v2,20210709,14.5,1.653,114.00
